InvoiceId, Invoice Number, Invoice Currency Id, Vendor Id, Vendor Name, Invoice Amount,Invoice Received Date, Invoice Due Date, Is Invoice Active
1,12345678,1,1,Premal,500,30-08-2024 19:27:23,12-09-2024 00:00:00,True
2,12345679,4,2,Sandip,750,30-08-2024 19:27:23,15-09-2024 00:00:00,True
3,12345680,2,3,Saurabh,1000,30-08-2024 19:27:23,18-09-2024 00:00:00,True
4,12345681,1,1,Premal,1250,30-08-2024 19:27:23,20-09-2024 00:00:00,True
5,12345682,5,2,Sandip,1500,30-08-2024 19:27:23,22-09-2024 00:00:00,True
